{"cameraMode":{"drawMode":0,"name":"Shaded","section":"Shading Mode"},"sceneLighting":true,"audioPlay":false,"sceneViewState":{"showFog":true,"showMaterialUpdate":false,"showSkybox":true,"showFlares":true,"showImageEffects":true,"showParticleSystems":true},"in2DMode":false,"pivot":{"x":1.2792408466339112,"y":-0.5909552574157715,"z":-0.4510098099708557},"rotation":{"x":0.3549245297908783,"y":0.6199070811271668,"z":-0.370574414730072,"w":0.5936797857284546},"size":10.4574556350708,"orthographic":false}